symptoms,urgency,scenario_id
I'm worried about mild indigestion.,Low,L30
I have sudden crushing chest pain with sweating and nausea and need advice.,High,H37
I would like to get checked because I have a mildly hoarse voice.,Low,L27
I have blue lips together with severe brething difficulty and need advice.,High,H13
"For the past couple of days, I have had a small bruise with no major swelling.",Low,L17
I would like to get checked because I have sudden face drooping with weakness in one arm.,High,H08
I need help with a cough that has persisted for more than a week.,Moderate,M26
Can someone help me? I have slight nausea without vomiting.,Low,L12
Been having a deep wound with blood spurting or flowing heavily since yesterday.,High,H23
I've got mild ear discomfort without fever since this morning.,Low,L14
Been having slight tiredness after poor sleep since last night.,Low,L16
"Mild stomach discomfort after eating, and I am not sure what to do.",Low,L11
Symptoms: mild shoulder soreness after carrying bags.,Low,L29
Can someone help me? I have a very high fever with stiff neck and confusion.,High,H28
I have black tar-like stool together with severe weaknes or faintness and need advice.,High,H31
I would like to get checked because I have sudden inability to speak clearly with one-sided weakness.,High,H09
"Persistent diarrhoea for more than a day, and I would like medical advice.",Moderate,M11
I would like to get checked because I have a repeat prescription request with no new symptoms.,Low,L10
I would like to get checked because I have choking and unable to breathe.,High,H10
"Back pain that is making normal movement difficult, and I am concerned about it.",Moderate,M23
"For the past couple of days, I have had thoughts of suicide with an immediate plan to act.",High,H27
Symptoms: recurrent abdominal cramps with vomiting.,Moderate,M38
I have painful urination with feveer and need advice.,Moderate,M07
Been having a small cut with light bleeding that stops with pressure over the last few days.,Low,L36
Symptoms: fever that has continued for three days.,Moderate,M20
I've got a blocked nose.,Low,L03
"For the past couple of days, I have had occasional constipation without severe pain.",Low,L19
I am experiencing blue lips together with severe breathing difficulty.,High,H13
I would like to get checked because I have an allergic rash with swelling but normal breathing.,Moderate,M32
"For the past couple of days, I have had mild stomach discomfort after eating.",Low,L11
"A dry patch of skin, and I would like to speak to a clinician.",Low,L25
The problem is vomiting blood; and I would like to speak to a clinician.,High,H30
I would like to get checked because I have mild stomach discomfort after eating.,Low,L11
"For the past couple of days, I have had vomiting during pregnancy and struggling to keep fluids down.",Moderate,M31
Can someone help me? I have slight loss of appetite for one day but I can drink normally.,Low,L38
Can someone help me? I have black tar-like stool together with severe weakness or faintness.,High,H31
Been having a small bruise with no major swelling since last night.,Low,L17
Symptoms: dizziness that keeps coming back.,Moderate,M04
I have persistent sinus pain with feveer and need advice.,Moderate,M35
I have been having a strong headache with dizziness but no weakness on one side; and I would like medical advice.,Moderate,M13
"For the past couple of days, I have had choking and unable to breathe.",High,H10
"A migraine with nausea and sensitivity to light, and I am concerned about it.",Moderate,M21
I would like to get checked because I have becoming unresponsive after taking an unknown substance.,High,H39
I have been having blue lips together with severe breathing difficulty for several hours.,High,H13
"For the past couple of days, I have had severe abdominal pain together with fainting.",High,H29
I've got I cannot breathe properly; and I am not sure what to do.,High,H03
Symptoms: severe difficulty breathing at rest.,High,H02
Symptoms: worsening fatigue with fever and poor appetite.,Moderate,M40
My main problem is fever that has continued for three days; and it has not improved.,Moderate,M20
Symptoms: an infected cut with increasing redness and swelling.,Moderate,M15
I have worsening fatigue with feveer and poor appetite and need advice.,Moderate,M40
"A major injury with uncontrolled bleeding, and it is bothering me.",High,H22
Symptoms: sudden loss of vision in one or both eyes.,High,H32
Symptoms: minor ankle soreness and I can still walk normally.,Low,L13
I would like to get checked because I have itchy watery eyes.,Low,L06
I have a mildly hoarse voice and need advice.,Low,L27
Symptoms: persistent diarrhoea for more than a day.,Moderate,M11
"Vomiting during pregnancy and struggling to keep fluids down, and I would like to speak to a clinician.",Moderate,M31
"A mild headache, and I would like medical advice.",Low,L01
Been having sudden loss of vision in one or both eyes for two days.,High,H32
I would like to get checked because I have worsening asthma symptoms but I can still speak normally.,Moderate,M12
I have a blocked nose and need advice.,Low,L03
I would like to get checked because I have mild sinus pressure with no fever.,Low,L26
"A mild lower back ache after sitting for a long time, and I would like medical advice.",Low,L08
Symptoms: mild sinus pressure with no fever.,Low,L26
"Severe breathing difficulty with confusion or extreme drowsiness, and it seems to be getting worse.",High,H40
I am dealing with moderate abdominal pain that is not improving since last night.,Moderate,M09
I have minor ankle soreness and I can still walk normally and need advice.,Low,L13
Symptoms: slight tiredness after poor sleep.,Low,L16
I have thoughts of suicide with an immediate plan to act and need advice.,High,H27
"Mild ear discomfort without fever, and it seems to be getting worse.",Low,L14
I would like to get checked because I have fever with body aches and weakness.,Moderate,M10
I am dealing with a mild dry cough without fever since last night.,Low,L05
"A small cut that has already stopped bleeding, and I am not sure what to do.",Low,L09
I would like to get checked because I have black tar-like stool together with severe weakness or faintness.,High,H31
I need help with a painful wrist after a fall with significant swelling; and it has not improved.,Moderate,M33
I would like to get checked because I have a serious burn involving the face or airway.,High,H25
I have a mild lower back ache after sitting for a long time and need advice.,Low,L08
I have a mild sore throat and need advice.,Low,L04
Can someone help me? I have slight bloating after meals.,Low,L31
I have been having slight loss of appetite for one day but I can drink normally since yesterday.,Low,L38
I would like to get checked because I have possible stroke symptoms.,High,H07
I would like to get checked because I have worsening fatigue with fever and poor appetite.,Moderate,M40
Can someone help me? I have pain that is strong enough to limit my normal activities.,Moderate,M03
"Persistent vomiting and difficulty keeping food down, and it is bothering me.",Moderate,M02
Been having moderate abdominal pain that is not improving for the past three days.,Moderate,M09
I have been having persistent sinus pain with fever; and it has not improved.,Moderate,M35
"For the past couple of days, I have had a very red painful eye but I can still see normally.",Moderate,M30
Can someone help me? I have a deep wound with blood spurting or flowing heavily.,High,H23
Symptoms: a cough that has persisted for more than a week.,Moderate,M26
Symptoms: worsening asthma symptoms but I can still speak normally.,Moderate,M12
The problem is a deep wound with blood spurting or flowing heavily since yesterday.,High,H23
Been having severe asthma symptoms and unable to speak full sentences since this morning.,High,H35
I am experiencing mild tooth sensitivity.,Low,L23
I am experiencing itchy watery eyes.,Low,L06
I am experiencing thoughts of suicide with an immediate plan to act.,High,H27
I am experiencing a widespread rash with fever but no breathing difficulty; and I am concerned about it.,Moderate,M27
I have moderate abdominal pain that is not improving and need advice.,Moderate,M09
I would like to get checked because I have a sore throat with fever and difficulty swallowing food.,Moderate,M36
I have slight nausea without vomitting and need advice.,Low,L12
Been having a mild headache since yesterday.,Low,L01
I have mild indigestion and need advice.,Low,L30
I have mild sinus presure with no fever and need advice.,Low,L26
I would like to get checked because I have several seizures occurring close together.,High,H18
Been having minor ankle soreness and I can still walk normally over the last few days.,Low,L13
"Mild eye irritation without vision changes, and I am not sure what to do.",Low,L33
Symptoms: repeated heart palpitations without chest pain or fainting.,Moderate,M22
Been having a strong headache with dizziness but no weakness on one side over the last few days.,Moderate,M13
I would like to get checked because I have vomiting during pregnancy and struggling to keep fluids down.,Moderate,M31
I would like to get checked because I have mild indigestion.,Low,L30
I am experiencing a deep wound with blood spurting or flowing heavily; and I am concerned about it.,High,H23
"Itchy watery eyes, and I would like medical advice.",Low,L06
I have vomitting during pregnancy and struggling to keep fluids down and need advice.,Moderate,M31
I've got uncontrolled bleeding after a serious accident.,High,H38
I am experiencing slight nausea without vomiting.,Low,L12
I've got worsening asthma symptoms but I can still speak normally.,Moderate,M12
I have coughing up blood together with breathing dificulty and need advice.,High,H11
I've got a very red painful eye but I can still see normally for two days.,Moderate,M30
Can someone help me? I have sudden inability to speak clearly with one-sided weakness.,High,H09
I would like to get checked because I have dizziness that keeps coming back.,Moderate,M04
I would like to get checked because I have a chronic condition that has become noticeably worse.,Moderate,M19
Been having coughing up blood together with breathing difficulty since yesterday.,High,H11
"For the past couple of days, I have had a seizure.",High,H06
Been having sudden inability to speak clearly with one-sided weakness since last night.,High,H09
I'm worried about severe shortness of breath while sitting still since this morning.,High,H19
I have pain that is strong enough to limit my normal activities and need advice.,Moderate,M03
"An infected cut with increasing redness and swelling, and I am concerned about it.",Moderate,M15
My main problem is uncontrolled bleeding after a serious accident; and it seems to be getting worse.,High,H38
I have I cannot breathe properly and need advice.,High,H03
"For the past couple of days, I have had slight loss of appetite for one day but I can drink normally.",Low,L38
I'm worried about severe difficulty breathing at rest; and I would like to speak to a clinician.,High,H02
Can someone help me? I have a dry patch of skin.,Low,L25
I have been having repeated vomiting over several hours.,Moderate,M17
Been having dental swelling and significant tooth pain over the last few days.,Moderate,M29
I need help with mild indigestion; and I am concerned about it.,Low,L30
"Severe abdominal pain together with fainting, and it is bothering me.",High,H29
"Blue lips together with severe breathing difficulty, and I am concerned about it.",High,H13
Can someone help me? I have ongoing nausea with reduced food and fluid intake.,Moderate,M25
Can someone help me? I have repeated heart palpitations without chest pain or fainting.,Moderate,M22
I would like to get checked because I have a migraine with nausea and sensitivity to light.,Moderate,M21
"Moderate wheezing that improves when i rest, and I would like medical advice.",Moderate,M37
I would like to get checked because I have minor finger soreness after bumping it.,Low,L40
I have mild neck stiffness after sleeping awkwardly and need advice.,Low,L24
I would like to get checked because I have fever that has continued for three days.,Moderate,M20
"Minor muscle aches after exercise, and it has not improved.",Low,L07
Can someone help me? I have sudden severe weakness on one side of the body.,High,H20
My main problem is a seizure; and I am not sure what to do.,High,H06
I have a collapse and the person is not waking properly and need advice.,High,H16
Been having recurrent abdominal cramps with vomiting since yesterday.,Moderate,M38
Symptoms: a mildly hoarse voice.,Low,L27
I have slight tiredness after poor sleep.,Low,L16
I have a dry patch of skin for several hours.,Low,L25
"Severe difficulty breathing at rest, and it has not improved.",High,H02
I have been having moderate wheezing that improves when I rest since this morning.,Moderate,M37
"For the past couple of days, I have had persistent ear pain together with fever.",Moderate,M16
"Worsening asthma symptoms but i can still speak normally, and it seems to be getting worse.",Moderate,M12
"Fever with body aches and weakness, and it has not improved.",Moderate,M10
"Sudden inability to speak clearly with one-sided weakness, and it is bothering me.",High,H09
Been having mild seasonal allergy symptoms for the past three days.,Low,L32
Symptoms: a minor rash with no fever or swelling.,Low,L34
I'm worried about a severe allergic reaction with throat swelling and breathing difficulty for the past three days.,High,H12
Can someone help me? I have a severe head injury followed by loss of consciousness.,High,H14
I have rapid swelling of the tongue or throat and need advice.,High,H34
Symptoms: a small itchy insect bite.,Low,L22
I have persistent vomiting and dificulty keeping food down and need advice.,Moderate,M02
I am experiencing sudden confusion together with difficulty speaking; and it has not improved.,High,H21
Can someone help me? I have mild cold symptoms.,Low,L15
The problem is a widespread rash with fever but no breathing difficulty since yesterday.,Moderate,M27
I have been having worsening fatigue with fever and poor appetite; and I am not sure what to do.,Moderate,M40
I would like to get checked because I have a mild sore throat.,Low,L04
Been having mild shoulder soreness after carrying bags over the last few days.,Low,L29
I would like to get checked because I have back pain that is making normal movement difficult.,Moderate,M23
Been having persistent sinus pain with fever since yesterday.,Moderate,M35
Symptoms: a mild sore throat.,Low,L04
Been having a nosebleed that keeps returning but stops with pressure for several hours.,Moderate,M34
Symptoms: a worsening cough together with fever.,Moderate,M08
I've got an allergic rash with swelling but normal breathing over the last few days.,Moderate,M32
I have occasional constipation without sevre pain and need advice.,Low,L19
The problem is a cough that has persisted for more than a week for several hours.,Moderate,M26
Been having a chronic condition that has become noticeably worse for the past three days.,Moderate,M19
I've got worsening fatigue with fever and poor appetite.,Moderate,M40
Lately I have had a migraine with nausea and sensitivity to light.,Moderate,M21
Been having severe breathing difficulty with confusion or extreme drowsiness since this morning.,High,H40
Can someone help me? I have a very red painful eye but I can still see normally.,Moderate,M30
I have been having mild skin itching with no swelling; and I am concerned about it.,Low,L20
I'm worried about sudden crushing chest pain with sweating and nausea; and I would like medical advice.,High,H37
"For the past couple of days, I have had a mildly hoarse voice.",Low,L27
"For the past couple of days, I have had a painful burn over a small area of skin.",Moderate,M28
I would like to get checked because I have a chemical injury to the eye with severe pain and vision changes.,High,H33
Lately I have had fever that has continued for three days.,Moderate,M20
I have a very red painful eye but I can still see normally and need advice.,Moderate,M30
Symptoms: a collapse and the person is not waking properly.,High,H16
I need help with black tar-like stool together with severe weakness or faintness over the last few days.,High,H31
I would like to get checked because I have a mild cough with no breathing difficulty.,Low,L37
"For the past couple of days, I have had mild ear discomfort without fever.",Low,L14
"A red painful wound that looks infected, and it is bothering me.",Moderate,M06
I have slight tiredness after poor sleep since last night.,Low,L16
I'm worried about mild shoulder soreness after carrying bags.,Low,L29
I have a runny nose with sneezing and need advice.,Low,L02
The problem is persistent ear pain together with fever; and I would like to speak to a clinician.,Moderate,M16
"Persistent sinus pain with fever, and it seems to be getting worse.",Moderate,M35
Symptoms: persistent sinus pain with fever.,Moderate,M35
Can someone help me? I have a blocked nose.,Low,L03
I have a seizure that has continued for several minutes; and I am concerned about it.,High,H17
Been having a severe injury to the chest with breathing difficulty for two days.,High,H36
I've got rapid swelling of the tongue or throat for the past three days.,High,H34
Been having a mildly hoarse voice for several hours.,Low,L27
Been having a worsening cough together with fever for two days.,Moderate,M08
"Mild skin itching with no swelling, and it seems to be getting worse.",Low,L20
I have slight bloating after meals and need advice.,Low,L31
Symptoms: occasional constipation without severe pain.,Low,L19
"For the past couple of days, I have had strong chest pressure spreading to the arm or jaw.",High,H15
Been having a suspected medication overdose with severe drowsiness since last night.,High,H24
Symptoms: painful urination with fever.,Moderate,M07
I have a sevre injury to the chest with breathing difficulty and need advice.,High,H36
Can someone help me? I have a red painful wound that looks infected.,Moderate,M06
I need help with sudden loss of vision in one or both eyes; and I am not sure what to do.,High,H32
Been having black tar-like stool together with severe weakness or faintness for the past three days.,High,H31
"For the past couple of days, I have had a swollen painful joint.",Moderate,M14
"For the past couple of days, I have had a migraine with nausea and sensitivity to light.",Moderate,M21
"For the past couple of days, I have had mild indigestion.",Low,L30
I would like to get checked because I have severe abdominal pain together with fainting.,High,H29
I am experiencing mild knee pain after exercise for several hours.,Low,L28
I need help with a severe injury to the chest with breathing difficulty for several hours.,High,H36
I have minor finger soreness after bumping it and need advice.,Low,L40
I am dealing with sudden loss of vision in one or both eyes.,High,H32
I've got I cannot breathe properly for several hours.,High,H03
I need help with black tar-like stool together with severe weakness or faintness; and it has not improved.,High,H31
Can someone help me? I have vomiting during pregnancy and struggling to keep fluids down.,Moderate,M31
"Signs of dehydration such as a dry mouth and very little urine, and I would like to speak to a clinician.",Moderate,M05
Can someone help me? I have shortness of breath when walking but I can breathe while resting.,Moderate,M18
"For the past couple of days, I have had a nosebleed that keeps returning but stops with pressure.",Moderate,M34
I would like to get checked because I have mild heartburn after eating.,Low,L18
Lately I have had itchy watery eyes for several hours.,Low,L06
Been having a red painful wound that looks infected for the past three days.,Moderate,M06
I've got a mild headache.,Low,L01
My main problem is a chronic condition that has become noticeably worse for several hours.,Moderate,M19
I've got a small cut with light bleeding that stops with pressure; and I am concerned about it.,Low,L36
I need help with strong chest pressure spreading to the arm or jaw over the last few days.,High,H15
"A widespread rash with fever but no breathing difficulty, and I am not sure what to do.",Moderate,M27
I would like to get checked because I have a severe allergic reaction with throat swelling and breathing difficulty.,High,H12
I have a mild sore throat for several hours.,Low,L04
I am dealing with repeated heart palpitations without chest pain or fainting.,Moderate,M22
Lately I have had slight nausea without vomiting; and I am not sure what to do.,Low,L12
Lately I have had a high fever that has lasted for several days for two days.,Moderate,M01
I'm worried about dizziness that keeps coming back.,Moderate,M04
"For the past couple of days, I have had persistent vomiting and difficulty keeping food down.",Moderate,M02
I have uncontrolled bleeding after a serious accident and need advice.,High,H38
Been having fever with body aches and weakness for two days.,Moderate,M10
"For the past couple of days, I have had ongoing nausea with reduced food and fluid intake.",Moderate,M25
I've got heavy bleeding during pregnancy with severe abdominal pain; and I am not sure what to do.,High,H26
Can someone help me? I have mild heartburn after eating.,Low,L18
Been having mild tooth sensitivity over the last few days.,Low,L23
I'm worried about vomiting blood.,High,H30
I would like to get checked because I have a severe injury to the chest with breathing difficulty.,High,H36
I would like to get checked because I have slight loss of appetite for one day but I can drink normally.,Low,L38
I would like to get checked because I have minor muscle aches after exercise.,Low,L07
I have strong chest presure spreading to the arm or jaw and need advice.,High,H15
I have worsening asthma symptoms but I can still speak normally and need advice.,Moderate,M12
"Painful urination with fever, and it is bothering me.",Moderate,M07
"Mild shoulder soreness after carrying bags, and it is bothering me.",Low,L29
I've got mild arm soreness after normal activity; and I am concerned about it.,Low,L35
Lately I have had an infected cut with increasing redness and swelling for two days.,Moderate,M15
I'm worried about a mild tension headache after a stressful day.,Low,L39
I am dealing with slight loss of appetite for one day but I can drink normally.,Low,L38
"Mild menstrual cramps that are manageable, and I am concerned about it.",Low,L21
The problem is a red painful wound that looks infected since this morning.,Moderate,M06
Can someone help me? I have sudden crushing chest pain with sweating and nausea.,High,H37
I have mild arm soreness after normal activity and need advice.,Low,L35
Been having rapid swelling of the tongue or throat for several hours.,High,H34
I have a mild headache for several hours.,Low,L01
"A chemical injury to the eye with severe pain and vision changes, and it is bothering me.",High,H33
"Ongoing nausea with reduced food and fluid intake, and I am not sure what to do.",Moderate,M25
"For the past couple of days, I have had mild neck stiffness after sleeping awkwardly.",Low,L24
Lately I have had loss of consciousness and not responding normally.,High,H05
The problem is a severe injury to the chest with breathing difficulty; and I would like to speak to a clinician.,High,H36
I am dealing with shortness of breath when walking but I can breathe while resting since yesterday.,Moderate,M18
The problem is a serious burn involving the face or airway.,High,H25
I am experiencing severe chest pain since this morning.,High,H01
Been having a mild sore throat over the last few days.,Low,L04
"Heavy bleeding during pregnancy with severe abdominal pain, and I am not sure what to do.",High,H26
Been having a severe head injury followed by loss of consciousness for two days.,High,H14
Can someone help me? I have thoughts of suicide with an immediate plan to act.,High,H27
I have mild arm soreness after normal activity for two days.,Low,L35
Can someone help me? I have a high fever that has lasted for several days.,Moderate,M01
Can someone help me? I have a painful burn over a small area of skin.,Moderate,M28
The problem is mild menstrual cramps that are manageable since this morning.,Low,L21
Symptoms: a severe allergic reaction with throat swelling and breathing difficulty.,High,H12
Been having thoughts of suicide with an immediate plan to act for several hours.,High,H27
The problem is becoming unresponsive after taking an unknown substance.,High,H39
I've got severe asthma symptoms and unable to speak full sentences; and it is bothering me.,High,H35
I have minor muscle aches after exercise; and I am concerned about it.,Low,L07
Can someone help me? I have back pain that is making normal movement difficult.,Moderate,M23
I am dealing with a chemical injury to the eye with severe pain and vision changes.,High,H33
I am dealing with a migraine with nausea and sensitivity to light; and it seems to be getting worse.,Moderate,M21
Lately I have had a small itchy insect bite.,Low,L22
Symptoms: slight loss of appetite for one day but I can drink normally.,Low,L38
I have been having sudden confusion together with difficulty speaking.,High,H21
"Black tar-like stool together with severe weakness or faintness, and I would like to speak to a clinician.",High,H31
I would like to get checked because I have mild ear discomfort without fever.,Low,L14
Been having dizziness that keeps coming back since this morning.,Moderate,M04
Been having mild cold symptoms for the past three days.,Low,L15
"Repeated heart palpitations without chest pain or fainting, and I am concerned about it.",Moderate,M22
Symptoms: a small bruise with no major swelling.,Low,L17
"For the past couple of days, I have had coughing up blood together with breathing difficulty.",High,H11
Been having sudden severe weakness on one side of the body for the past three days.,High,H20
The problem is a severe injury to the chest with breathing difficulty.,High,H36
I'm worried about a very high fever with stiff neck and confusion.,High,H28
I have thoughts of suicide with an immediate plan to act; and I would like to speak to a clinician.,High,H27
I would like to get checked because I have sudden crushing chest pain with sweating and nausea.,High,H37
The problem is mild indigestion since last night.,Low,L30
I am dealing with a very red painful eye but I can still see normally; and it has not improved.,Moderate,M30
"For the past couple of days, I have had rapid swelling of the tongue or throat.",High,H34
I have a red painful wound that looks infected; and I would like to speak to a clinician.,Moderate,M06
I would like to get checked because I have a collapse and the person is not waking properly.,High,H16
I would like to get checked because I have a widespread rash with fever but no breathing difficulty.,Moderate,M27
I have fever with body aches and weakness for the past three days.,Moderate,M10
"For the past couple of days, I have had painful urination with fever.",Moderate,M07
The problem is back pain that is making normal movement difficult.,Moderate,M23
I would like to get checked because I have sudden confusion together with difficulty speaking.,High,H21
I'm worried about slight bloating after meals for several hours.,Low,L31
Can someone help me? I have a cough that has persisted for more than a week.,Moderate,M26
I have minor ankle soreness and I can still walk normally for the past three days.,Low,L13
I am dealing with persistent vomiting and difficulty keeping food down since yesterday.,Moderate,M02
"For the past couple of days, I have had a deep wound with blood spurting or flowing heavily.",High,H23
"For the past couple of days, I have had vomiting blood.",High,H30
"Sudden face drooping with weakness in one arm, and I am concerned about it.",High,H08
I have dizzyness that keeps coming back and need advice.,Moderate,M04
Been having uncontrolled bleeding after a serious accident for the past three days.,High,H38
I am experiencing minor finger soreness after bumping it since this morning.,Low,L40
"For the past couple of days, I have had sudden confusion together with difficulty speaking.",High,H21
I would like to get checked because I have sudden loss of vision in one or both eyes.,High,H32
I have signs of dehydration such as a dry mouth and very little urine and need advice.,Moderate,M05
I am dealing with a small itchy insect bite; and I am concerned about it.,Low,L22
I need help with persistent ear pain together with fever over the last few days.,Moderate,M16
Can someone help me? I have sudden confusion together with difficulty speaking.,High,H21
Symptoms: mild tooth sensitivity.,Low,L23
I need help with a blocked nose over the last few days.,Low,L03
Can someone help me? I have a seizure.,High,H06
Been having sudden confusion together with difficulty speaking since this morning.,High,H21
Been having mild knee pain after exercise since yesterday.,Low,L28
I need help with sudden severe weakness on one side of the body; and I would like medical advice.,High,H20
Can someone help me? I have persistent ear pain together with fever.,Moderate,M16
Been having worsening fatigue with fever and poor appetite since this morning.,Moderate,M40
I'm worried about sudden inability to speak clearly with one-sided weakness over the last few days.,High,H09
"A high fever that has lasted for several days, and I would like to speak to a clinician.",Moderate,M01
I am dealing with severe chest pain.,High,H01
My main problem is sudden crushing chest pain with sweating and nausea.,High,H37
"For the past couple of days, I have had uncontrolled bleeding after a serious accident.",High,H38
I have a painful swolen finger that may be infected and need advice.,Moderate,M39
Been having a swollen ankle after a fall and walking is painful for two days.,Moderate,M24
Lately I have had moderate wheezing that improves when I rest; and I would like to speak to a clinician.,Moderate,M37
"For the past couple of days, I have had minor finger soreness after bumping it.",Low,L40
I have been having a suspected medication overdose with severe drowsiness.,High,H24
Been having I cannot breathe properly since last night.,High,H03
I have a painful wrist after a fall with significant swelling and need advice.,Moderate,M33
Symptoms: back pain that is making normal movement difficult.,Moderate,M23
"For the past couple of days, I have had slight nausea without vomiting.",Low,L12
Symptoms: blue lips together with severe breathing difficulty.,High,H13
The problem is coughing up blood together with breathing difficulty; and I would like medical advice.,High,H11
"For the past couple of days, I have had a mild dry cough without fever.",Low,L05
I have been having a mild tension headache after a stressful day; and I would like medical advice.,Low,L39
I've got repeated vomiting over several hours over the last few days.,Moderate,M17
"For the past couple of days, I have had sudden severe weakness on one side of the body.",High,H20
I would like to get checked because I have a seizure.,High,H06
Been having a painful wrist after a fall with significant swelling since last night.,Moderate,M33
Can someone help me? I have possible stroke symptoms.,High,H07
I need help with a small cut with light bleeding that stops with pressure.,Low,L36
"A severe allergic reaction with throat swelling and breathing difficulty, and I am not sure what to do.",High,H12
"Mild sinus pressure with no fever, and it seems to be getting worse.",Low,L26
Been having a very red painful eye but I can still see normally since yesterday.,Moderate,M30
I would like to get checked because I have severe chest pain.,High,H01
Can someone help me? I have a chronic condition that has become noticeably worse.,Moderate,M19
I have a swolen ankle after a fall and walking is painful and need advice.,Moderate,M24
I have been having a suspected medication overdose with severe drowsiness; and I am concerned about it.,High,H24
"Several seizures occurring close together, and I would like to speak to a clinician.",High,H18
Been having a very high fever with stiff neck and confusion for two days.,High,H28
Can someone help me? I have a mild headache.,Low,L01
The problem is a nosebleed that keeps returning but stops with pressure over the last few days.,Moderate,M34
I have a seizure that has continued for several minutes and need advice.,High,H17
I am dealing with heavy bleeding during pregnancy with severe abdominal pain.,High,H26
Can someone help me? I have painful urination with fever.,Moderate,M07
I've got a small bruise with no major swelling for the past three days.,Low,L17
"Uncontrolled bleeding after a serious accident, and it seems to be getting worse.",High,H38
The problem is a mild lower back ache after sitting for a long time over the last few days.,Low,L08
I would like to get checked because I have a painful wrist after a fall with significant swelling.,Moderate,M33
"Sudden confusion together with difficulty speaking, and I would like medical advice.",High,H21
Symptoms: a small cut that has already stopped bleeding.,Low,L09
Can someone help me? I have mild shoulder soreness after carrying bags.,Low,L29
I need help with ongoing nausea with reduced food and fluid intake.,Moderate,M25
I've got a minor rash with no fever or swelling.,Low,L34
I'm worried about a major injury with uncontrolled bleeding.,High,H22
I have back pain that is making normal movement difficult and need advice.,Moderate,M23
Symptoms: mild eye irritation without vision changes.,Low,L33
Can someone help me? I have recurrent abdominal cramps with vomiting.,Moderate,M38
"For the past couple of days, I have had back pain that is making normal movement difficult.",Moderate,M23
Can someone help me? I have persistent sinus pain with fever.,Moderate,M35
I would like to get checked because I have a painful swollen finger that may be infected.,Moderate,M39
Can someone help me? I have mild indigestion.,Low,L30
Symptoms: a deep wound with blood spurting or flowing heavily.,High,H23
"For the past couple of days, I have had repeated vomiting over several hours.",Moderate,M17
"Shortness of breath when walking but i can breathe while resting, and it is bothering me.",Moderate,M18
"For the past couple of days, I have had dizziness that keeps coming back.",Moderate,M04
I need help with a seizure that has continued for several minutes over the last few days.,High,H17
"For the past couple of days, I have had a mild lower back ache after sitting for a long time.",Low,L08
Symptoms: a small cut with light bleeding that stops with pressure.,Low,L36
I have a cough that has persisted for more than a week and need advice.,Moderate,M26
Been having a widespread rash with fever but no breathing difficulty over the last few days.,Moderate,M27
I've got several seizures occurring close together.,High,H18
I am dealing with sudden face drooping with weakness in one arm since yesterday.,High,H08
"For the past couple of days, I have had minor ankle soreness and I can still walk normally.",Low,L13
Lately I have had a very high fever with stiff neck and confusion; and it is bothering me.,High,H28
I need help with fever with body aches and weakness; and I would like medical advice.,Moderate,M10
I have a suspected medication overdose with sevre drowsiness and need advice.,High,H24
Symptoms: severe chest pain.,High,H01
I would like to get checked because I have persistent sinus pain with fever.,Moderate,M35
"A strong headache with dizziness but no weakness on one side, and I am concerned about it.",Moderate,M13
I am dealing with painful urination with fever; and I would like medical advice.,Moderate,M07
Been having a painful swollen finger that may be infected for several hours.,Moderate,M39
I'm worried about a swollen ankle after a fall and walking is painful; and it seems to be getting worse.,Moderate,M24
I've got a mild cough with no breathing difficulty over the last few days.,Low,L37
Can someone help me? I have mild arm soreness after normal activity.,Low,L35
I would like to get checked because I have persistent vomiting and difficulty keeping food down.,Moderate,M02
Been having a small cut that has already stopped bleeding for two days.,Low,L09
I would like to get checked because I have mild seasonal allergy symptoms.,Low,L32
I would like to get checked because I have sudden severe weakness on one side of the body.,High,H20
The problem is occasional constipation without severe pain.,Low,L19
Been having mild heartburn after eating since last night.,Low,L18
"For the past couple of days, I have had severe chest pain.",High,H01
The problem is slight bloating after meals.,Low,L31
I would like to get checked because I have ongoing nausea with reduced food and fluid intake.,Moderate,M25
"For the past couple of days, I have had mild seasonal allergy symptoms.",Low,L32
Been having mild skin itching with no swelling for two days.,Low,L20
Symptoms: slight bloating after meals.,Low,L31
Lately I have had a small bruise with no major swelling.,Low,L17
"A worsening cough together with fever, and it has not improved.",Moderate,M08
"Sudden loss of vision in one or both eyes, and I would like medical advice.",High,H32
My main problem is mild sinus pressure with no fever.,Low,L26
"Mild arm soreness after normal activity, and it is bothering me.",Low,L35
Can someone help me? I have mild ear discomfort without fever.,Low,L14
I have vomiting blood since this morning.,High,H30
Can someone help me? I have mild neck stiffness after sleeping awkwardly.,Low,L24
Can someone help me? I have a painful swollen finger that may be infected.,Moderate,M39
"For the past couple of days, I have had a painful wrist after a fall with significant swelling.",Moderate,M33
I am dealing with occasional constipation without severe pain; and I would like medical advice.,Low,L19
I'm worried about a swollen painful joint.,Moderate,M14
I have been having back pain that is making normal movement difficult; and it has not improved.,Moderate,M23
Been having severe abdominal pain together with fainting since this morning.,High,H29
"A serious burn involving the face or airway, and it has not improved.",High,H25
I need help with strong chest pressure spreading to the arm or jaw; and it is bothering me.,High,H15
Symptoms: mild indigestion.,Low,L30
My main problem is severe breathing difficulty with confusion or extreme drowsiness.,High,H40
I need help with fever that has continued for three days since last night.,Moderate,M20
I would like to get checked because I have a suspected medication overdose with severe drowsiness.,High,H24
"For the past couple of days, I have had loss of consciousness and not responding normally.",High,H05
Symptoms: a swollen ankle after a fall and walking is painful.,Moderate,M24
Been having ongoing nausea with reduced food and fluid intake for several hours.,Moderate,M25
Been having a sore throat with fever and difficulty swallowing food over the last few days.,Moderate,M36
"Loss of consciousness and not responding normally, and it seems to be getting worse.",High,H05
I would like to get checked because I have loss of consciousness and not responding normally.,High,H05
"For the past couple of days, I have had a mild headache.",Low,L01
I have mild skin itching with no swelling and need advice.,Low,L20
Symptoms: severe breathing difficulty with confusion or extreme drowsiness.,High,H40
"Slight bloating after meals, and it is bothering me.",Low,L31
Been having several seizures occurring close together since yesterday.,High,H18
I need help with mild stomach discomfort after eating since this morning.,Low,L11
I would like to get checked because I have rapid swelling of the tongue or throat.,High,H34
Can someone help me? I have mild seasonal allergy symptoms.,Low,L32
The problem is slight loss of appetite for one day but I can drink normally; and it seems to be getting worse.,Low,L38
Can someone help me? I have a runny nose with sneezing.,Low,L02
"For the past couple of days, I have had mild menstrual cramps that are manageable.",Low,L21
I am experiencing mild tooth sensitivity over the last few days.,Low,L23
I've got sudden loss of vision in one or both eyes for the past three days.,High,H32
I have sudden inability to speak clearly with one-sided weaknes and need advice.,High,H09
I am dealing with ongoing nausea with reduced food and fluid intake; and I would like to speak to a clinician.,Moderate,M25
"For the past couple of days, I have had a collapse and the person is not waking properly.",High,H16
I have been having a nosebleed that keeps returning but stops with pressure.,Moderate,M34
I need help with mild menstrual cramps that are manageable; and I am not sure what to do.,Low,L21
Been having a high fever that has lasted for several days for two days.,Moderate,M01
I've got a strong headache with dizziness but no weakness on one side.,Moderate,M13
I would like to get checked because I have I cannot breathe properly.,High,H03
Been having a small itchy insect bite over the last few days.,Low,L22
I am experiencing severe asthma symptoms and unable to speak full sentences since this morning.,High,H35
I have a small bruise with no major swelling and need advice.,Low,L17
The problem is a small cut that has already stopped bleeding over the last few days.,Low,L09
I need help with back pain that is making normal movement difficult since this morning.,Moderate,M23
Lately I have had a sore throat with fever and difficulty swallowing food since this morning.,Moderate,M36
Been having a swollen painful joint for the past three days.,Moderate,M14
Can someone help me? I have minor ankle soreness and I can still walk normally.,Low,L13
I need help with sudden inability to speak clearly with one-sided weakness; and it seems to be getting worse.,High,H09
I would like to get checked because I have a worsening cough together with fever.,Moderate,M08
Been having a painful burn over a small area of skin for two days.,Moderate,M28
My main problem is severe chest pain; and it is bothering me.,High,H01
I would like to get checked because I have mild arm soreness after normal activity.,Low,L35
Symptoms: itchy watery eyes.,Low,L06
I have been having a minor rash with no fever or swelling since yesterday.,Low,L34
Symptoms: a sore throat with fever and difficulty swallowing food.,Moderate,M36
Can someone help me? I have dizziness that keeps coming back.,Moderate,M04
I am experiencing a runny nose with sneezing for several hours.,Low,L02
Been having itchy watery eyes for the past three days.,Low,L06
Symptoms: a nosebleed that keeps returning but stops with pressure.,Moderate,M34
Can someone help me? I have sudden loss of vision in one or both eyes.,High,H32
"For the past couple of days, I have had a blocked nose.",Low,L03
"Slight tiredness after poor sleep, and I would like to speak to a clinician.",Low,L16
Symptoms: heavy bleeding that will not stop.,High,H04
"A small bruise with no major swelling, and it seems to be getting worse.",Low,L17
I have a severe allergic reaction with throat swelling and breathing dificulty and need advice.,High,H12
I have a strong headach with dizziness but no weakness on one side and need advice.,Moderate,M13
I would like to get checked because I have repeated heart palpitations without chest pain or fainting.,Moderate,M22
Can someone help me? I have mild tooth sensitivity.,Low,L23
"For the past couple of days, I have had heavy bleeding that will not stop.",High,H04
I need help with moderate wheezing that improves when I rest.,Moderate,M37
I have heavy bleeding that will not stop and need advice.,High,H04
"A suspected medication overdose with severe drowsiness, and I would like to speak to a clinician.",High,H24
I am dealing with a small itchy insect bite since yesterday.,Low,L22
I have severe dificulty breathing at rest and need advice.,High,H02
I am dealing with a small cut with light bleeding that stops with pressure since last night.,Low,L36
I have mild seasonal allergy symptoms and need advice.,Low,L32
I would like to get checked because I have a small cut with light bleeding that stops with pressure.,Low,L36
Symptoms: mild cold symptoms.,Low,L15
Symptoms: vomiting blood.,High,H30
"For the past couple of days, I have had severe shortness of breath while sitting still.",High,H19
Symptoms: pain that is strong enough to limit my normal activities.,Moderate,M03
The problem is dental swelling and significant tooth pain since yesterday.,Moderate,M29
The problem is mild stomach discomfort after eating; and it is bothering me.,Low,L11
"For the past couple of days, I have had severe difficulty breathing at rest.",High,H02
Symptoms: a blocked nose.,Low,L03
"A small cut with light bleeding that stops with pressure, and I am not sure what to do.",Low,L36
I've got a severe head injury followed by loss of consciousness; and I am not sure what to do.,High,H14
I've got an allergic rash with swelling but normal breathing.,Moderate,M32
"For the past couple of days, I have had several seizures occurring close together.",High,H18
My main problem is a high fever that has lasted for several days.,Moderate,M01
"A mild tension headache after a stressful day, and it seems to be getting worse.",Low,L39
Lately I have had thoughts of suicide with an immediate plan to act for the past three days.,High,H27
"For the past couple of days, I have had sudden inability to speak clearly with one-sided weakness.",High,H09
I need help with a swollen painful joint over the last few days.,Moderate,M14
"For the past couple of days, I have had a strong headache with dizziness but no weakness on one side.",Moderate,M13
I need help with mild tooth sensitivity; and I would like medical advice.,Low,L23
Can someone help me? I have a mildly hoarse voice.,Low,L27
I am experiencing vomiting during pregnancy and struggling to keep fluids down; and I would like to speak to a clinician.,Moderate,M31
The problem is a runny nose with sneezing.,Low,L02
Been having mild stomach discomfort after eating since last night.,Low,L11
Can someone help me? I have severe breathing difficulty with confusion or extreme drowsiness.,High,H40
Symptoms: an allergic rash with swelling but normal breathing.,Moderate,M32
I have a high feveer that has lasted for several days and need advice.,Moderate,M01
Symptoms: a mild dry cough without fever.,Low,L05
I have mild heartburn after eating.,Low,L18
"A mild cough with no breathing difficulty, and I am not sure what to do.",Low,L37
Can someone help me? I have mild sinus pressure with no fever.,Low,L26
The problem is slight nausea without vomiting since yesterday.,Low,L12
"Dental swelling and significant tooth pain, and I am not sure what to do.",Moderate,M29
I have an infected cut with increasing redness and swelling and need advice.,Moderate,M15
"Coughing up blood together with breathing difficulty, and I would like to speak to a clinician.",High,H11
My main problem is a mild sore throat; and it has not improved.,Low,L04
Been having pain that is strong enough to limit my normal activities since yesterday.,Moderate,M03
Been having worsening asthma symptoms but I can still speak normally for several hours.,Moderate,M12
I've got an infected cut with increasing redness and swelling; and I am concerned about it.,Moderate,M15
The problem is persistent vomiting and difficulty keeping food down.,Moderate,M02
Can someone help me? I have fever that has continued for three days.,Moderate,M20
Been having heavy bleeding that will not stop since yesterday.,High,H04
I have a painful burn over a small area of skin and need advice.,Moderate,M28
"For the past couple of days, I have had moderate wheezing that improves when I rest.",Moderate,M37
"Dizziness that keeps coming back, and it has not improved.",Moderate,M04
"A nosebleed that keeps returning but stops with pressure, and I am concerned about it.",Moderate,M34
"For the past couple of days, I have had a very high fever with stiff neck and confusion.",High,H28
I have a dry patch of skin; and I am not sure what to do.,Low,L25
I would like to get checked because I have blue lips together with severe breathing difficulty.,High,H13
Lately I have had a swollen ankle after a fall and walking is painful.,Moderate,M24
"A sore throat with fever and difficulty swallowing food, and it has not improved.",Moderate,M36
Been having severe shortness of breath while sitting still for the past three days.,High,H19
I've got a mild lower back ache after sitting for a long time.,Low,L08
I have a chronic condition that has become noticeably worse and need advice.,Moderate,M19
Symptoms: rapid swelling of the tongue or throat.,High,H34
Can someone help me? I have a small itchy insect bite.,Low,L22
"For the past couple of days, I have had a worsening cough together with fever.",Moderate,M08
Lately I have had a blocked nose; and I would like medical advice.,Low,L03
"For the past couple of days, I have had possible stroke symptoms.",High,H07
Can someone help me? I have occasional constipation without severe pain.,Low,L19
Symptoms: becoming unresponsive after taking an unknown substance.,High,H39
Can someone help me? I have mild menstrual cramps that are manageable.,Low,L21
My main problem is a painful wrist after a fall with significant swelling since last night.,Moderate,M33
I would like to get checked because I have slight nausea without vomiting.,Low,L12
"Slight loss of appetite for one day but i can drink normally, and it seems to be getting worse.",Low,L38
"For the past couple of days, I have had a high fever that has lasted for several days.",Moderate,M01
I have sevre asthma symptoms and unable to speak full sentences and need advice.,High,H35
Symptoms: severe shortness of breath while sitting still.,High,H19
"A minor rash with no fever or swelling, and I am concerned about it.",Low,L34
I am dealing with severe asthma symptoms and unable to speak full sentences.,High,H35
I've got an allergic rash with swelling but normal breathing; and I would like to speak to a clinician.,Moderate,M32
Symptoms: sudden confusion together with difficulty speaking.,High,H21
I am experiencing sudden severe weakness on one side of the body over the last few days.,High,H20
Symptoms: a painful wrist after a fall with significant swelling.,Moderate,M33
My main problem is occasional constipation without severe pain for several hours.,Low,L19
The problem is mild eye irritation without vision changes over the last few days.,Low,L33
I'm worried about a very high fever with stiff neck and confusion since yesterday.,High,H28
Symptoms: mild menstrual cramps that are manageable.,Low,L21
Been having mild eye irritation without vision changes since yesterday.,Low,L33
I've got recurrent abdominal cramps with vomiting since this morning.,Moderate,M38
I have mild ear discomfort without feveer and need advice.,Low,L14
"Worsening fatigue with fever and poor appetite, and I am not sure what to do.",Moderate,M40
"For the past couple of days, I have had mild arm soreness after normal activity.",Low,L35
I am dealing with a red painful wound that looks infected.,Moderate,M06
"Rapid swelling of the tongue or throat, and I am not sure what to do.",High,H34
I would like to get checked because I have severe difficulty breathing at rest.,High,H02
Lately I have had blue lips together with severe breathing difficulty; and I would like to speak to a clinician.,High,H13
Symptoms: a high fever that has lasted for several days.,Moderate,M01
Been having severe chest pain since yesterday.,High,H01
I've got mild seasonal allergy symptoms for the past three days.,Low,L32
Been having mild ear discomfort without fever since this morning.,Low,L14
Been having moderate wheezing that improves when I rest since last night.,Moderate,M37
Been having painful urination with fever over the last few days.,Moderate,M07
I am dealing with sudden face drooping with weakness in one arm.,High,H08
Been having a migraine with nausea and sensitivity to light since this morning.,Moderate,M21
Symptoms: black tar-like stool together with severe weakness or faintness.,High,H31
I'm worried about dental swelling and significant tooth pain.,Moderate,M29
I have been having mild sinus pressure with no fever; and I would like medical advice.,Low,L26
I need help with possible stroke symptoms over the last few days.,High,H07
Can someone help me? I have I cannot breathe properly.,High,H03
Symptoms: fever with body aches and weakness.,Moderate,M10
"A painful wrist after a fall with significant swelling, and I would like medical advice.",Moderate,M33
I've got dizziness that keeps coming back over the last few days.,Moderate,M04
"For the past couple of days, I have had mild shoulder soreness after carrying bags.",Low,L29
Symptoms: signs of dehydration such as a dry mouth and very little urine.,Moderate,M05
I'm worried about mild heartburn after eating since last night.,Low,L18
I have a very high feveer with stiff neck and confusion and need advice.,High,H28
My main problem is sudden inability to speak clearly with one-sided weakness.,High,H09
Can someone help me? I have persistent diarrhoea for more than a day.,Moderate,M11
"For the past couple of days, I have had becoming unresponsive after taking an unknown substance.",High,H39
Been having slight bloating after meals since this morning.,Low,L31
Symptoms: mild knee pain after exercise.,Low,L28
"For the past couple of days, I have had mild cold symptoms.",Low,L15
I need help with loss of consciousness and not responding normally; and it has not improved.,High,H05
I am dealing with severe difficulty breathing at rest for the past three days.,High,H02
Symptoms: loss of consciousness and not responding normally.,High,H05
Been having a major injury with uncontrolled bleeding since yesterday.,High,H22
Symptoms: a chronic condition that has become noticeably worse.,Moderate,M19
I have a severe allergic reaction with throat swelling and breathing difficulty; and it has not improved.,High,H12
"For the past couple of days, I have had a severe head injury followed by loss of consciousness.",High,H14
I would like to get checked because I have a small cut that has already stopped bleeding.,Low,L09
"A seizure that has continued for several minutes, and I am concerned about it.",High,H17
Symptoms: sudden inability to speak clearly with one-sided weakness.,High,H09
Been having mild indigestion for the past three days.,Low,L30
"Sudden severe weakness on one side of the body, and it seems to be getting worse.",High,H20
Can someone help me? I have becoming unresponsive after taking an unknown substance.,High,H39
I am experiencing becoming unresponsive after taking an unknown substance for several hours.,High,H39
"For the past couple of days, I have had repeated heart palpitations without chest pain or fainting.",Moderate,M22
Been having heavy bleeding during pregnancy with severe abdominal pain for several hours.,High,H26
I need help with rapid swelling of the tongue or throat.,High,H34
I've got repeated vomiting over several hours; and I would like to speak to a clinician.,Moderate,M17
I need help with heavy bleeding that will not stop for several hours.,High,H04
I'm worried about a repeat prescription request with no new symptoms since last night.,Low,L10
I would like to get checked because I have a blocked nose.,Low,L03
Symptoms: mild stomach discomfort after eating.,Low,L11
I'm worried about persistent vomiting and difficulty keeping food down; and I would like medical advice.,Moderate,M02
Can someone help me? I have a strong headache with dizziness but no weakness on one side.,Moderate,M13
Been having repeated vomiting over several hours since yesterday.,Moderate,M17
I've got severe abdominal pain together with fainting.,High,H29
I have a red painful wound that looks infected and need advice.,Moderate,M06
I have been having signs of dehydration such as a dry mouth and very little urine for the past three days.,Moderate,M05
I have mild skin itching with no swelling since this morning.,Low,L20
I have a small cut that has already stopped bleeding and need advice.,Low,L09
Symptoms: mild ear discomfort without fever.,Low,L14
Can someone help me? I have mild stomach discomfort after eating.,Low,L11
I would like to get checked because I have mild knee pain after exercise.,Low,L28
I have choking and unable to breathe and need advice.,High,H10
Symptoms: a red painful wound that looks infected.,Moderate,M06
I have been having coughing up blood together with breathing difficulty since this morning.,High,H11
Symptoms: a mild headache.,Low,L01
"A repeat prescription request with no new symptoms, and it is bothering me.",Low,L10
I am experiencing worsening fatigue with fever and poor appetite for the past three days.,Moderate,M40
I have a mild cough with no breathing dificulty and need advice.,Low,L37
Can someone help me? I have mild eye irritation without vision changes.,Low,L33
Been having an allergic rash with swelling but normal breathing since this morning.,Moderate,M32
Symptoms: dental swelling and significant tooth pain.,Moderate,M29
I would like to get checked because I have a very red painful eye but I can still see normally.,Moderate,M30
"Heavy bleeding that will not stop, and it has not improved.",High,H04
The problem is slight tiredness after poor sleep; and I am concerned about it.,Low,L16
Can someone help me? I have vomiting blood.,High,H30
Can someone help me? I have a sore throat with fever and difficulty swallowing food.,Moderate,M36
Symptoms: a mild lower back ache after sitting for a long time.,Low,L08
"For the past couple of days, I have had mild sinus pressure with no fever.",Low,L26
"For the past couple of days, I have had sudden face drooping with weakness in one arm.",High,H08
"A swollen ankle after a fall and walking is painful, and it has not improved.",Moderate,M24
I have a small cut that has already stopped bleeding; and I am not sure what to do.,Low,L09
I would like to get checked because I have coughing up blood together with breathing difficulty.,High,H11
I have a major injury with uncontrolled bleeding and need advice.,High,H22
I have feveer that has continued for three days and need advice.,Moderate,M20
My main problem is mild skin itching with no swelling.,Low,L20
"For the past couple of days, I have had signs of dehydration such as a dry mouth and very little urine.",Moderate,M05
Can someone help me? I have a mild tension headache after a stressful day.,Low,L39
Lately I have had sudden face drooping with weakness in one arm; and I am concerned about it.,High,H08
Can someone help me? I have a mild cough with no breathing difficulty.,Low,L37
"Mild neck stiffness after sleeping awkwardly, and it has not improved.",Low,L24
I have a chemical injury to the eye with sevre pain and vision changes and need advice.,High,H33
I've got painful urination with fever since last night.,Moderate,M07
I have mild knee pain after exercise and need advice.,Low,L28
I have ongoing nausea with reduced food and fluid intake and need advice.,Moderate,M25
I've got a mild sore throat.,Low,L04
Can someone help me? I have a minor rash with no fever or swelling.,Low,L34
I've got a painful swollen finger that may be infected.,Moderate,M39
I have a migraine with nausea and sensitivity to light and need advice.,Moderate,M21
Can someone help me? I have severe asthma symptoms and unable to speak full sentences.,High,H35
"For the past couple of days, I have had heavy bleeding during pregnancy with severe abdominal pain.",High,H26
Been having mild arm soreness after normal activity for several hours.,Low,L35
I need help with a mild lower back ache after sitting for a long time; and it has not improved.,Low,L08
My main problem is mild neck stiffness after sleeping awkwardly; and it is bothering me.,Low,L24
Symptoms: a chemical injury to the eye with severe pain and vision changes.,High,H33
Symptoms: choking and unable to breathe.,High,H10
Can someone help me? I have itchy watery eyes.,Low,L06
Can someone help me? I have a small cut with light bleeding that stops with pressure.,Low,L36
"For the past couple of days, I have had worsening asthma symptoms but I can still speak normally.",Moderate,M12
I need help with choking and unable to breathe since last night.,High,H10
Can someone help me? I have severe abdominal pain together with fainting.,High,H29
Can someone help me? I have loss of consciousness and not responding normally.,High,H05
"Minor finger soreness after bumping it, and it is bothering me.",Low,L40
Been having loss of consciousness and not responding normally for two days.,High,H05
"Persistent ear pain together with fever, and it seems to be getting worse.",Moderate,M16
"A very red painful eye but i can still see normally, and I am not sure what to do.",Moderate,M30
Been having minor finger soreness after bumping it since last night.,Low,L40
"For the past couple of days, I have had persistent sinus pain with fever.",Moderate,M35
Lately I have had a painful swollen finger that may be infected; and I would like to speak to a clinician.,Moderate,M39
Can someone help me? I have a nosebleed that keeps returning but stops with pressure.,Moderate,M34
I would like to get checked because I have a small bruise with no major swelling.,Low,L17
I need help with severe breathing difficulty with confusion or extreme drowsiness for two days.,High,H40
Been having a mild lower back ache after sitting for a long time for two days.,Low,L08
The problem is a high fever that has lasted for several days; and I am not sure what to do.,Moderate,M01
Can someone help me? I have several seizures occurring close together.,High,H18
I would like to get checked because I have vomiting blood.,High,H30
"For the past couple of days, I have had a small itchy insect bite.",Low,L22
I have sevre chest pain and need advice.,High,H01
"For the past couple of days, I have had mild eye irritation without vision changes.",Low,L33
"For the past couple of days, I have had worsening fatigue with fever and poor appetite.",Moderate,M40
"A mild sore throat, and it is bothering me.",Low,L04
"A painful burn over a small area of skin, and I am concerned about it.",Moderate,M28
I've got shortness of breath when walking but I can breathe while resting; and I am not sure what to do.,Moderate,M18
I would like to get checked because I have persistent ear pain together with fever.,Moderate,M16
I would like to get checked because I have severe breathing difficulty with confusion or extreme drowsiness.,High,H40
I need help with recurrent abdominal cramps with vomiting.,Moderate,M38
Can someone help me? I have heavy bleeding that will not stop.,High,H04
I am experiencing a mild dry cough without fever; and it is bothering me.,Low,L05
Symptoms: a very high fever with stiff neck and confusion.,High,H28
I would like to get checked because I have moderate abdominal pain that is not improving.,Moderate,M09
I'm worried about a chronic condition that has become noticeably worse.,Moderate,M19
Been having vomiting blood since yesterday.,High,H30
Can someone help me? I have blue lips together with severe breathing difficulty.,High,H13
I would like to get checked because I have heavy bleeding during pregnancy with severe abdominal pain.,High,H26
"A mild dry cough without fever, and it seems to be getting worse.",Low,L05
The problem is an infected cut with increasing redness and swelling.,Moderate,M15
My main problem is a repeat prescription request with no new symptoms; and I am not sure what to do.,Low,L10
I have shortness of breath when walking but I can breathe while resting and need advice.,Moderate,M18
I have a minor rash with no feveer or swelling and need advice.,Low,L34
I've got a widespread rash with fever but no breathing difficulty.,Moderate,M27
I'm worried about a suspected medication overdose with severe drowsiness since last night.,High,H24
"Possible stroke symptoms, and I would like to speak to a clinician.",High,H07
Can someone help me? I have a small cut that has already stopped bleeding.,Low,L09
Symptoms: mild heartburn after eating.,Low,L18
I have an alergic rash with swelling but normal breathing and need advice.,Moderate,M32
I have strong chest pressure spreading to the arm or jaw.,High,H15
"For the past couple of days, I have had a cough that has persisted for more than a week.",Moderate,M26
I am experiencing itchy watery eyes; and it seems to be getting worse.,Low,L06
I'm worried about moderate abdominal pain that is not improving; and it has not improved.,Moderate,M09
I am dealing with a severe allergic reaction with throat swelling and breathing difficulty.,High,H12
Symptoms: strong chest pressure spreading to the arm or jaw.,High,H15
Can someone help me? I have a collapse and the person is not waking properly.,High,H16
I have been having recurrent abdominal cramps with vomiting; and it is bothering me.,Moderate,M38
Symptoms: a repeat prescription request with no new symptoms.,Low,L10
Can someone help me? I have a serious burn involving the face or airway.,High,H25
Symptoms: a widespread rash with fever but no breathing difficulty.,Moderate,M27
I have a widespread rash with fever but no breathing dificulty and need advice.,Moderate,M27
"For the past couple of days, I have had a small cut that has already stopped bleeding.",Low,L09
The problem is vomiting during pregnancy and struggling to keep fluids down.,Moderate,M31
Can someone help me? I have uncontrolled bleeding after a serious accident.,High,H38
The problem is a serious burn involving the face or airway; and it is bothering me.,High,H25
I've got sudden severe weakness on one side of the body.,High,H20
I have a dry patch of skin and need advice.,Low,L25
Been having shortness of breath when walking but I can breathe while resting over the last few days.,Moderate,M18
Can someone help me? I have heavy bleeding during pregnancy with severe abdominal pain.,High,H26
Symptoms: persistent vomiting and difficulty keeping food down.,Moderate,M02
Been having severe difficulty breathing at rest for several hours.,High,H02
I'm worried about a collapse and the person is not waking properly; and it has not improved.,High,H16
"For the past couple of days, I have had black tar-like stool together with severe weakness or faintness.",High,H31
Can someone help me? I have rapid swelling of the tongue or throat.,High,H34
"For the past couple of days, I have had a mild cough with no breathing difficulty.",Low,L37
Been having mild sinus pressure with no fever for the past three days.,Low,L26
I have a swolen painful joint and need advice.,Moderate,M14
Can someone help me? I have a swollen ankle after a fall and walking is painful.,Moderate,M24
I would like to get checked because I have mild skin itching with no swelling.,Low,L20
I need help with severe shortness of breath while sitting still.,High,H19
I need help with severe shortness of breath while sitting still; and I am not sure what to do.,High,H19
I would like to get checked because I have heavy bleeding that will not stop.,High,H04
Been having a repeat prescription request with no new symptoms over the last few days.,Low,L10
I have mild stomch discomfort after eating and need advice.,Low,L11
"Occasional constipation without severe pain, and it has not improved.",Low,L19
The problem is signs of dehydration such as a dry mouth and very little urine.,Moderate,M05
I would like to get checked because I have uncontrolled bleeding after a serious accident.,High,H38
Can someone help me? I have an allergic rash with swelling but normal breathing.,Moderate,M32
Can someone help me? I have worsening asthma symptoms but I can still speak normally.,Moderate,M12
"Severe chest pain, and it is bothering me.",High,H01
"Mild indigestion, and I am not sure what to do.",Low,L30
I am dealing with a collapse and the person is not waking properly since this morning.,High,H16
Can someone help me? I have a major injury with uncontrolled bleeding.,High,H22
"Choking and unable to breathe, and it has not improved.",High,H10
Symptoms: a seizure that has continued for several minutes.,High,H17
The problem is a runny nose with sneezing; and I would like to speak to a clinician.,Low,L02
"For the past couple of days, I have had a runny nose with sneezing.",Low,L02
I have pain that is strong enough to limit my normal activities since this morning.,Moderate,M03
I have a serious burn involving the face or airway and need advice.,High,H25
Can someone help me? I have an infected cut with increasing redness and swelling.,Moderate,M15
"For the past couple of days, I have had severe asthma symptoms and unable to speak full sentences.",High,H35
I have sudden face drooping with weaknes in one arm and need advice.,High,H08
I have feveer with body aches and weakness and need advice.,Moderate,M10
"A severe injury to the chest with breathing difficulty, and I would like to speak to a clinician.",High,H36
Can someone help me? I have fever with body aches and weakness.,Moderate,M10
"Vomiting blood, and I would like to speak to a clinician.",High,H30
"For the past couple of days, I have had dental swelling and significant tooth pain.",Moderate,M29
I would like to get checked because I have a deep wound with blood spurting or flowing heavily.,High,H23
"For the past couple of days, I have had a swollen ankle after a fall and walking is painful.",Moderate,M24
The problem is minor muscle aches after exercise for the past three days.,Low,L07
"For the past couple of days, I have had a mild tension headache after a stressful day.",Low,L39
I would like to get checked because I have painful urination with fever.,Moderate,M07
I am dealing with worsening asthma symptoms but I can still speak normally; and I would like to speak to a clinician.,Moderate,M12
"Mild tooth sensitivity, and I would like to speak to a clinician.",Low,L23
I have a mild headach and need advice.,Low,L01
Can someone help me? I have slight tiredness after poor sleep.,Low,L16
Symptoms: several seizures occurring close together.,High,H18
I have minor muscle aches after exercise and need advice.,Low,L07
I would like to get checked because I have mild neck stiffness after sleeping awkwardly.,Low,L24
Symptoms: ongoing nausea with reduced food and fluid intake.,Moderate,M25
I have been having mild cold symptoms.,Low,L15
Been having a seizure that has continued for several minutes for several hours.,High,H17
I have sevre abdominal pain together with fainting and need advice.,High,H29
"For the past couple of days, I have had a painful swollen finger that may be infected.",Moderate,M39
I have a mild dry cough without feveer and need advice.,Low,L05
Can someone help me? I have dental swelling and significant tooth pain.,Moderate,M29
I have severe breathing dificulty with confusion or extreme drowsiness and need advice.,High,H40
Can someone help me? I have a mild sore throat.,Low,L04
I would like to get checked because I have a swollen painful joint.,Moderate,M14
I am dealing with minor muscle aches after exercise.,Low,L07
Symptoms: possible stroke symptoms.,High,H07
Symptoms: persistent ear pain together with fever.,Moderate,M16
Can someone help me? I have severe shortness of breath while sitting still.,High,H19
Symptoms: a seizure.,High,H06
I have persistent ear pain together with feveer and need advice.,Moderate,M16
Can someone help me? I have sudden face drooping with weakness in one arm.,High,H08
"Mild cold symptoms, and I am concerned about it.",Low,L15
"Mild heartburn after eating, and I am not sure what to do.",Low,L18
Lately I have had a mild cough with no breathing difficulty.,Low,L37
Can someone help me? I have severe difficulty breathing at rest.,High,H02
Lately I have had a sore throat with fever and difficulty swallowing food.,Moderate,M36
"For the past couple of days, I have had mild heartburn after eating.",Low,L18
I've got a worsening cough together with fever since last night.,Moderate,M08
"For the past couple of days, I have had persistent diarrhoea for more than a day.",Moderate,M11
I am dealing with a sore throat with fever and difficulty swallowing food; and it is bothering me.,Moderate,M36
I have a cough that has persisted for more than a week; and I would like to speak to a clinician.,Moderate,M26
I have sudden loss of vision in one or both eyes and need advice.,High,H32
I'm worried about persistent diarrhoea for more than a day.,Moderate,M11
I have loss of consciousness and not responding normally over the last few days.,High,H05
I need help with a painful swollen finger that may be infected since last night.,Moderate,M39
"A mildly hoarse voice, and I would like to speak to a clinician.",Low,L27
Symptoms: mild arm soreness after normal activity.,Low,L35
I am experiencing vomiting during pregnancy and struggling to keep fluids down for the past three days.,Moderate,M31
I am dealing with a painful burn over a small area of skin.,Moderate,M28
"Repeated vomiting over several hours, and it seems to be getting worse.",Moderate,M17
I'm worried about worsening asthma symptoms but I can still speak normally since this morning.,Moderate,M12
The problem is mild sinus pressure with no fever for two days.,Low,L26
"A seizure, and it has not improved.",High,H06
"A chronic condition that has become noticeably worse, and I am not sure what to do.",Moderate,M19
Been having a mild tension headache after a stressful day since this morning.,Low,L39
Symptoms: mild neck stiffness after sleeping awkwardly.,Low,L24
I'm worried about a minor rash with no fever or swelling; and it is bothering me.,Low,L34
I am dealing with mild menstrual cramps that are manageable.,Low,L21
I would like to get checked because I have slight tiredness after poor sleep.,Low,L16
"For the past couple of days, I have had slight bloating after meals.",Low,L31
My main problem is pain that is strong enough to limit my normal activities; and it seems to be getting worse.,Moderate,M03
Lately I have had a nosebleed that keeps returning but stops with pressure; and I am not sure what to do.,Moderate,M34
"Fever that has continued for three days, and I would like medical advice.",Moderate,M20
Been having fever that has continued for three days over the last few days.,Moderate,M20
I would like to get checked because I have repeated vomiting over several hours.,Moderate,M17
I need help with a deep wound with blood spurting or flowing heavily.,High,H23
I would like to get checked because I have a runny nose with sneezing.,Low,L02
I am dealing with severe abdominal pain together with fainting; and it has not improved.,High,H29
"For the past couple of days, I have had blue lips together with severe breathing difficulty.",High,H13
I've got a major injury with uncontrolled bleeding; and I would like to speak to a clinician.,High,H22
I would like to get checked because I have shortness of breath when walking but I can breathe while resting.,Moderate,M18
I have heavy bleeding during pregnancy with sevre abdominal pain and need advice.,High,H26
I would like to get checked because I have a major injury with uncontrolled bleeding.,High,H22
The problem is mild eye irritation without vision changes.,Low,L33
Symptoms: severe asthma symptoms and unable to speak full sentences.,High,H35
My main problem is a seizure that has continued for several minutes.,High,H17
"Severe asthma symptoms and unable to speak full sentences, and I am not sure what to do.",High,H35
I have a seizure and need advice.,High,H06
I have becoming unresponsive after taking an unknown substance and need advice.,High,H39
My main problem is moderate abdominal pain that is not improving.,Moderate,M09
I have a nosebleed that keeps returning but stops with presure and need advice.,Moderate,M34
"For the past couple of days, I have had I cannot breathe properly.",High,H03
I've got mild stomach discomfort after eating.,Low,L11
Symptoms: coughing up blood together with breathing difficulty.,High,H11
I have persistent diarhoea for more than a day and need advice.,Moderate,M11
Symptoms: a strong headache with dizziness but no weakness on one side.,Moderate,M13
"For the past couple of days, I have had a chemical injury to the eye with severe pain and vision changes.",High,H33
Lately I have had a mildly hoarse voice; and I am not sure what to do.,Low,L27
Symptoms: mild seasonal allergy symptoms.,Low,L32
I have a mild cough with no breathing difficulty; and I would like medical advice.,Low,L37
Can someone help me? I have a widespread rash with fever but no breathing difficulty.,Moderate,M27
Can someone help me? I have a severe injury to the chest with breathing difficulty.,High,H36
I have been having a worsening cough together with fever; and it seems to be getting worse.,Moderate,M08
I have a mild tension headach after a stressful day and need advice.,Low,L39
I have mild shoulder soreness after carrying bags and need advice.,Low,L29
Can someone help me? I have worsening fatigue with fever and poor appetite.,Moderate,M40
I have mild eye irritation without vision changes and need advice.,Low,L33
Symptoms: repeated vomiting over several hours.,Moderate,M17
Symptoms: a dry patch of skin.,Low,L25
I would like to get checked because I have a high fever that has lasted for several days.,Moderate,M01
I have mild menstrual cramps that are manageable and need advice.,Low,L21
I have a painful wrist after a fall with significant swelling.,Moderate,M33
"A deep wound with blood spurting or flowing heavily, and it has not improved.",High,H23
I would like to get checked because I have thoughts of suicide with an immediate plan to act.,High,H27
"For the past couple of days, I have had a seizure that has continued for several minutes.",High,H17
"For the past couple of days, I have had severe breathing difficulty with confusion or extreme drowsiness.",High,H40
"Severe shortness of breath while sitting still, and it seems to be getting worse.",High,H19
Can someone help me? I have moderate wheezing that improves when I rest.,Moderate,M37
I've got minor ankle soreness and I can still walk normally.,Low,L13
I have a sore throat with fever and dificulty swallowing food and need advice.,Moderate,M36
Can someone help me? I have mild skin itching with no swelling.,Low,L20
I would like to get checked because I have a small itchy insect bite.,Low,L22
Symptoms: a runny nose with sneezing.,Low,L02
I am experiencing mild seasonal allergy symptoms.,Low,L32
The problem is mild arm soreness after normal activity.,Low,L35
I'm worried about choking and unable to breathe.,High,H10
"A small itchy insect bite, and I am concerned about it.",Low,L22
The problem is fever with body aches and weakness.,Moderate,M10
"For the past couple of days, I have had mild tooth sensitivity.",Low,L23
"For the past couple of days, I have had shortness of breath when walking but I can breathe while resting.",Moderate,M18
I have sudden severe weaknes on one side of the body and need advice.,High,H20
I am dealing with a collapse and the person is not waking properly.,High,H16
My main problem is a migraine with nausea and sensitivity to light for several hours.,Moderate,M21
I have recurrent abdominal cramps with vomitting and need advice.,Moderate,M38
Can someone help me? I have a suspected medication overdose with severe drowsiness.,High,H24
"For the past couple of days, I have had mild skin itching with no swelling.",Low,L20
Can someone help me? I have a mild lower back ache after sitting for a long time.,Low,L08
Can someone help me? I have choking and unable to breathe.,High,H10
Lately I have had a mild dry cough without fever.,Low,L05
The problem is repeated heart palpitations without chest pain or fainting; and I would like medical advice.,Moderate,M22
I have repeated heart palpitations without chest pain or fainting and need advice.,Moderate,M22
I have dental swelling and significant tooth pain and need advice.,Moderate,M29
Been having a serious burn involving the face or airway for two days.,High,H25
Been having becoming unresponsive after taking an unknown substance for the past three days.,High,H39
"For the past couple of days, I have had itchy watery eyes.",Low,L06
Symptoms: sudden crushing chest pain with sweating and nausea.,High,H37
I have loss of consciousness and not responding normally and need advice.,High,H05
I am dealing with persistent sinus pain with fever since last night.,Moderate,M35
Been having an infected cut with increasing redness and swelling over the last few days.,Moderate,M15
Can someone help me? I have a repeat prescription request with no new symptoms.,Low,L10
I have slight loss of appetite for one day but I can drink normally and need advice.,Low,L38
Symptoms: severe abdominal pain together with fainting.,High,H29
I have been having painful urination with fever.,Moderate,M07
Can someone help me? I have strong chest pressure spreading to the arm or jaw.,High,H15
I am dealing with a small cut that has already stopped bleeding.,Low,L09
I am experiencing sudden crushing chest pain with sweating and nausea for several hours.,High,H37
Been having a minor rash with no fever or swelling since this morning.,Low,L34
Been having mild menstrual cramps that are manageable since last night.,Low,L21
My main problem is a mildly hoarse voice since yesterday.,Low,L27
Been having a dry patch of skin over the last few days.,Low,L25
I have been having minor finger soreness after bumping it; and I would like to speak to a clinician.,Low,L40
I have a serious burn involving the face or airway over the last few days.,High,H25
"For the past couple of days, I have had an infected cut with increasing redness and swelling.",Moderate,M15
"For the past couple of days, I have had a major injury with uncontrolled bleeding.",High,H22
I have sevre shortness of breath while sitting still and need advice.,High,H19
"For the past couple of days, I have had a serious burn involving the face or airway.",High,H25
Symptoms: shortness of breath when walking but I can breathe while resting.,Moderate,M18
I have itchy watery eyes and need advice.,Low,L06
I would like to get checked because I have a severe head injury followed by loss of consciousness.,High,H14
Can someone help me? I have a worsening cough together with fever.,Moderate,M08
Symptoms: I cannot breathe properly.,High,H03
I'm worried about mild cold symptoms; and I would like medical advice.,Low,L15
Can someone help me? I have a painful wrist after a fall with significant swelling.,Moderate,M33
Been having sudden face drooping with weakness in one arm since yesterday.,High,H08
I would like to get checked because I have severe shortness of breath while sitting still.,High,H19
"Becoming unresponsive after taking an unknown substance, and it is bothering me.",High,H39
I have possible stroke symptoms and need advice.,High,H07
I would like to get checked because I have a dry patch of skin.,Low,L25
Can someone help me? I have moderate abdominal pain that is not improving.,Moderate,M09
I've got persistent ear pain together with fever.,Moderate,M16
"For the past couple of days, I have had recurrent abdominal cramps with vomiting.",Moderate,M38
Been having occasional constipation without severe pain since this morning.,Low,L19
Symptoms: a mild tension headache after a stressful day.,Low,L39
Symptoms: a major injury with uncontrolled bleeding.,High,H22
"For the past couple of days, I have had slight tiredness after poor sleep.",Low,L16
Been having persistent vomiting and difficulty keeping food down for several hours.,Moderate,M02
I would like to get checked because I have pain that is strong enough to limit my normal activities.,Moderate,M03
"An allergic rash with swelling but normal breathing, and it has not improved.",Moderate,M32
I would like to get checked because I have mild eye irritation without vision changes.,Low,L33
I am experiencing a swollen painful joint; and I am not sure what to do.,Moderate,M14
"Thoughts of suicide with an immediate plan to act, and I am not sure what to do.",High,H27
The problem is minor finger soreness after bumping it.,Low,L40
I have dental swelling and significant tooth pain; and it seems to be getting worse.,Moderate,M29
Been having a cough that has persisted for more than a week for two days.,Moderate,M26
I need help with a chemical injury to the eye with severe pain and vision changes; and I am not sure what to do.,High,H33
"For the past couple of days, I have had a small cut with light bleeding that stops with pressure.",Low,L36
Symptoms: sudden severe weakness on one side of the body.,High,H20
Been having a mild dry cough without fever for the past three days.,Low,L05
The problem is persistent diarrhoea for more than a day; and it is bothering me.,Moderate,M11
I have repeated vomitting over several hours and need advice.,Moderate,M17
I have been having dizziness that keeps coming back; and I would like to speak to a clinician.,Moderate,M04
Symptoms: a very red painful eye but I can still see normally.,Moderate,M30
The problem is ongoing nausea with reduced food and fluid intake for the past three days.,Moderate,M25
I have mild heartburn after eating and need advice.,Low,L18
"A severe head injury followed by loss of consciousness, and it is bothering me.",High,H14
My main problem is rapid swelling of the tongue or throat; and I am concerned about it.,High,H34
I have coughing up blood together with breathing difficulty.,High,H11
Symptoms: a migraine with nausea and sensitivity to light.,Moderate,M21
I have been having several seizures occurring close together since this morning.,High,H18
Lately I have had shortness of breath when walking but I can breathe while resting.,Moderate,M18
"For the past couple of days, I have had minor muscle aches after exercise.",Low,L07
I have been having mild shoulder soreness after carrying bags since yesterday.,Low,L29
My main problem is slight bloating after meals; and I would like to speak to a clinician.,Low,L31
"Pain that is strong enough to limit my normal activities, and I am not sure what to do.",Moderate,M03
I would like to get checked because I have mild tooth sensitivity.,Low,L23
"A swollen painful joint, and it is bothering me.",Moderate,M14
I would like to get checked because I have a painful burn over a small area of skin.,Moderate,M28
I have sudden confusion together with dificulty speaking and need advice.,High,H21
I would like to get checked because I have mild cold symptoms.,Low,L15
The problem is choking and unable to breathe; and I am concerned about it.,High,H10
"For the past couple of days, I have had a severe injury to the chest with breathing difficulty.",High,H36
Symptoms: moderate abdominal pain that is not improving.,Moderate,M09
I would like to get checked because I have a cough that has persisted for more than a week.,Moderate,M26
"A cough that has persisted for more than a week, and I would like medical advice.",Moderate,M26
I have becoming unresponsive after taking an unknown substance; and it has not improved.,High,H39
"For the past couple of days, I have had fever that has continued for three days.",Moderate,M20
I would like to get checked because I have mild shoulder soreness after carrying bags.,Low,L29
Symptoms: slight nausea without vomiting.,Low,L12
Can someone help me? I have signs of dehydration such as a dry mouth and very little urine.,Moderate,M05
I have a worsening cough together with feveer and need advice.,Moderate,M08
Been having choking and unable to breathe since this morning.,High,H10
"I cannot breathe properly, and I am concerned about it.",High,H03
I am dealing with a repeat prescription request with no new symptoms.,Low,L10
I have persistent diarrhoea for more than a day since yesterday.,Moderate,M11
I have a repeat presciption request with no new symptoms and need advice.,Low,L10
Lately I have had a chemical injury to the eye with severe pain and vision changes since last night.,High,H33
Been having minor muscle aches after exercise since this morning.,Low,L07
I would like to get checked because I have mild menstrual cramps that are manageable.,Low,L21
The problem is mild ear discomfort without fever; and I am concerned about it.,Low,L14
"For the past couple of days, I have had pain that is strong enough to limit my normal activities.",Moderate,M03
"For the past couple of days, I have had fever with body aches and weakness.",Moderate,M10
"For the past couple of days, I have had a mild sore throat.",Low,L04
Been having a seizure for the past three days.,High,H06
Symptoms: minor muscle aches after exercise.,Low,L07
I need help with mild neck stiffness after sleeping awkwardly since this morning.,Low,L24
I would like to get checked because I have a mild tension headache after a stressful day.,Low,L39
Can someone help me? I have repeated vomiting over several hours.,Moderate,M17
I need help with mild seasonal allergy symptoms; and I am not sure what to do.,Low,L32
Been having vomiting during pregnancy and struggling to keep fluids down for two days.,Moderate,M31
"Strong chest pressure spreading to the arm or jaw, and it has not improved.",High,H15
Been having a chemical injury to the eye with severe pain and vision changes for two days.,High,H33
I'm worried about a worsening cough together with fever.,Moderate,M08
I would like to get checked because I have recurrent abdominal cramps with vomiting.,Moderate,M38
Been having possible stroke symptoms since yesterday.,High,H07
Been having strong chest pressure spreading to the arm or jaw for several hours.,High,H15
I have severe breathing difficulty with confusion or extreme drowsiness; and I am concerned about it.,High,H40
I would like to get checked because I have a mild dry cough without fever.,Low,L05
I am experiencing a mild headache; and it is bothering me.,Low,L01
I would like to get checked because I have a red painful wound that looks infected.,Moderate,M06
My main problem is a mildly hoarse voice.,Low,L27
Can someone help me? I have severe chest pain.,High,H01
Symptoms: a mild cough with no breathing difficulty.,Low,L37
I would like to get checked because I have severe asthma symptoms and unable to speak full sentences.,High,H35
"For the past couple of days, I have had an allergic rash with swelling but normal breathing.",Moderate,M32
"For the past couple of days, I have had mild knee pain after exercise.",Low,L28
Can someone help me? I have a small bruise with no major swelling.,Low,L17
I have moderate wheezing that improves when I rest and need advice.,Moderate,M37
"Recurrent abdominal cramps with vomiting, and I would like to speak to a clinician.",Moderate,M38
Been having a severe allergic reaction with throat swelling and breathing difficulty since this morning.,High,H12
"A painful swollen finger that may be infected, and I would like to speak to a clinician.",Moderate,M39
I would like to get checked because I have moderate wheezing that improves when I rest.,Moderate,M37
I am experiencing possible stroke symptoms.,High,H07
I am experiencing mild knee pain after exercise; and I am concerned about it.,Low,L28
Been having a mild cough with no breathing difficulty since last night.,Low,L37
The problem is heavy bleeding that will not stop; and it seems to be getting worse.,High,H04
I am dealing with a chronic condition that has become noticeably worse; and it has not improved.,Moderate,M19
Can someone help me? I have minor muscle aches after exercise.,Low,L07
I would like to get checked because I have a seizure that has continued for several minutes.,High,H17
My main problem is mild cold symptoms over the last few days.,Low,L15
"Minor ankle soreness and i can still walk normally, and it seems to be getting worse.",Low,L13
The problem is mild ear discomfort without fever.,Low,L14
Symptoms: vomiting during pregnancy and struggling to keep fluids down.,Moderate,M31
I am experiencing possible stroke symptoms; and it is bothering me.,High,H07
"For the past couple of days, I have had a repeat prescription request with no new symptoms.",Low,L10
I have mild cold symptoms and need advice.,Low,L15
I would like to get checked because I have signs of dehydration such as a dry mouth and very little urine.,Moderate,M05
I would like to get checked because I have a mild headache.,Low,L01
My main problem is a strong headache with dizziness but no weakness on one side over the last few days.,Moderate,M13
I need help with severe difficulty breathing at rest.,High,H02
Can someone help me? I have a mild dry cough without fever.,Low,L05
I am experiencing a swollen ankle after a fall and walking is painful for several hours.,Moderate,M24
I would like to get checked because I have strong chest pressure spreading to the arm or jaw.,High,H15
Been having slight nausea without vomiting for the past three days.,Low,L12
Symptoms: a severe head injury followed by loss of consciousness.,High,H14
I am dealing with a seizure.,High,H06
My main problem is heavy bleeding during pregnancy with severe abdominal pain since last night.,High,H26
I've got mild knee pain after exercise.,Low,L28
Been having blue lips together with severe breathing difficulty since this morning.,High,H13
"Slight nausea without vomiting, and it seems to be getting worse.",Low,L12
"For the past couple of days, I have had a severe allergic reaction with throat swelling and breathing difficulty.",High,H12
Symptoms: a serious burn involving the face or airway.,High,H25
I would like to get checked because I have occasional constipation without severe pain.,Low,L19
I need help with sudden confusion together with difficulty speaking for several hours.,High,H21
My main problem is pain that is strong enough to limit my normal activities.,Moderate,M03
Been having mild neck stiffness after sleeping awkwardly since last night.,Low,L24
Can someone help me? I have coughing up blood together with breathing difficulty.,High,H11
Symptoms: thoughts of suicide with an immediate plan to act.,High,H27
Been having sudden crushing chest pain with sweating and nausea for the past three days.,High,H37
I would like to get checked because I have a minor rash with no fever or swelling.,Low,L34
I would like to get checked because I have slight bloating after meals.,Low,L31
I have vomitting blood and need advice.,High,H30
Can someone help me? I have persistent vomiting and difficulty keeping food down.,Moderate,M02
Symptoms: a suspected medication overdose with severe drowsiness.,High,H24
I would like to get checked because I have minor ankle soreness and I can still walk normally.,Low,L13
I have mild tooth sensitivity and need advice.,Low,L23
I have slight tiredness after poor sleep and need advice.,Low,L16
I am dealing with persistent sinus pain with fever.,Moderate,M35
My main problem is severe abdominal pain together with fainting for the past three days.,High,H29
Symptoms: a severe injury to the chest with breathing difficulty.,High,H36
I would like to get checked because I have a very high fever with stiff neck and confusion.,High,H28
Lately I have had a small bruise with no major swelling; and I am not sure what to do.,Low,L17
I would like to get checked because I have persistent diarrhoea for more than a day.,Moderate,M11
My main problem is signs of dehydration such as a dry mouth and very little urine; and I am concerned about it.,Moderate,M05
My main problem is black tar-like stool together with severe weakness or faintness.,High,H31
Can someone help me? I have a seizure that has continued for several minutes.,High,H17
Can someone help me? I have a chemical injury to the eye with severe pain and vision changes.,High,H33
Lately I have had a seizure for several hours.,High,H06
Symptoms: moderate wheezing that improves when I rest.,Moderate,M37
Lately I have had a severe head injury followed by loss of consciousness for the past three days.,High,H14
"Mild seasonal allergy symptoms, and I would like to speak to a clinician.",Low,L32
I have several seizures occurring close together and need advice.,High,H18
"Mild knee pain after exercise, and I would like medical advice.",Low,L28
Been having signs of dehydration such as a dry mouth and very little urine since last night.,Moderate,M05
"For the past couple of days, I have had a red painful wound that looks infected.",Moderate,M06
"For the past couple of days, I have had a sore throat with fever and difficulty swallowing food.",Moderate,M36
Symptoms: uncontrolled bleeding after a serious accident.,High,H38
My main problem is a dry patch of skin.,Low,L25
I would like to get checked because I have a swollen ankle after a fall and walking is painful.,Moderate,M24
I have a deep wound with blood spurting or flowing heavily and need advice.,High,H23
I need help with uncontrolled bleeding after a serious accident for the past three days.,High,H38
I am experiencing mild eye irritation without vision changes; and I would like to speak to a clinician.,Low,L33
Been having back pain that is making normal movement difficult for two days.,Moderate,M23
"A collapse and the person is not waking properly, and it seems to be getting worse.",High,H16
"For the past couple of days, I have had a dry patch of skin.",Low,L25
I need help with minor ankle soreness and I can still walk normally; and I am concerned about it.,Low,L13
"Moderate abdominal pain that is not improving, and I would like to speak to a clinician.",Moderate,M09
I would like to get checked because I have a nosebleed that keeps returning but stops with pressure.,Moderate,M34
Symptoms: a swollen painful joint.,Moderate,M14
"A blocked nose, and I would like medical advice.",Low,L03
Been having repeated heart palpitations without chest pain or fainting since last night.,Moderate,M22
Symptoms: a painful burn over a small area of skin.,Moderate,M28
I would like to get checked because I have an infected cut with increasing redness and swelling.,Moderate,M15
Can someone help me? I have a severe allergic reaction with throat swelling and breathing difficulty.,High,H12
"For the past couple of days, I have had moderate abdominal pain that is not improving.",Moderate,M09
Symptoms: a painful swollen finger that may be infected.,Moderate,M39
Can someone help me? I have a swollen painful joint.,Moderate,M14
"A runny nose with sneezing, and it seems to be getting worse.",Low,L02
Been having persistent diarrhoea for more than a day for two days.,Moderate,M11
"For the past couple of days, I have had a widespread rash with fever but no breathing difficulty.",Moderate,M27
Lately I have had several seizures occurring close together; and I am concerned about it.,High,H18
I have mild shoulder soreness after carrying bags; and I am concerned about it.,Low,L29
Been having slight loss of appetite for one day but I can drink normally for two days.,Low,L38
Symptoms: mild skin itching with no swelling.,Low,L20
My main problem is I cannot breathe properly.,High,H03
I've got mild heartburn after eating; and it has not improved.,Low,L18
I have a painful burn over a small area of skin for two days.,Moderate,M28
Symptoms: heavy bleeding during pregnancy with severe abdominal pain.,High,H26
Symptoms: sudden face drooping with weakness in one arm.,High,H08
I've got heavy bleeding that will not stop.,High,H04
I have a small cut with light bleeding that stops with presure and need advice.,Low,L36
Symptoms: minor finger soreness after bumping it.,Low,L40
"For the past couple of days, I have had sudden crushing chest pain with sweating and nausea.",High,H37
Can someone help me? I have a migraine with nausea and sensitivity to light.,Moderate,M21
I've got a very red painful eye but I can still see normally.,Moderate,M30
Been having a blocked nose over the last few days.,Low,L03
Lately I have had a mild tension headache after a stressful day since last night.,Low,L39
I would like to get checked because I have a strong headache with dizziness but no weakness on one side.,Moderate,M13
I have a sevre head injury followed by loss of consciousness and need advice.,High,H14
"For the past couple of days, I have had a minor rash with no fever or swelling.",Low,L34
I am experiencing a painful burn over a small area of skin; and I am not sure what to do.,Moderate,M28
The problem is mild neck stiffness after sleeping awkwardly.,Low,L24
Can someone help me? I have minor finger soreness after bumping it.,Low,L40
Been having persistent ear pain together with fever for two days.,Moderate,M16
Been having a collapse and the person is not waking properly for two days.,High,H16
"For the past couple of days, I have had a suspected medication overdose with severe drowsiness.",High,H24
Can someone help me? I have mild knee pain after exercise.,Low,L28
I am experiencing a major injury with uncontrolled bleeding since this morning.,High,H22
"A very high fever with stiff neck and confusion, and I would like medical advice.",High,H28
"For the past couple of days, I have had sudden loss of vision in one or both eyes.",High,H32
I am experiencing a severe head injury followed by loss of consciousness.,High,H14
"For the past couple of days, I have had a chronic condition that has become noticeably worse.",Moderate,M19
I would like to get checked because I have dental swelling and significant tooth pain.,Moderate,M29
I have a small itchy insect bite and need advice.,Low,L22
"Sudden crushing chest pain with sweating and nausea, and it seems to be getting worse.",High,H37
I am experiencing repeated heart palpitations without chest pain or fainting since yesterday.,Moderate,M22
Been having a runny nose with sneezing since yesterday.,Low,L02
I would like to get checked because I have a mild lower back ache after sitting for a long time.,Low,L08
